[
{
  "model": "news.historicalarticles",
  "pk": 1,
  "fields": {
    "id": 28,
    "title": "Новые образовательные программы",
    "anons": "В нашей школе будут новые программы",
    "full_text": "Школа была награждена сертификатом за активное участие в местных мероприятиях и достижения в области образования. Родительский комитет выразил благодарность всем ученикам и педагогам, чьи усилия способствуют развитию школьного района.  Test12312312",
    "date": "2023-06-28T13:22:29Z",
    "genre": 6,
    "author": 12,
    "school_name": 10,
    "Hull": 10,
    "history_date": "2024-01-14T10:30:14.393Z",
    "history_change_reason": null,
    "history_type": "~",
    "history_user": null
  }
},
{
  "model": "news.articles",
  "pk": 19,
  "fields": {
    "title": "Школьная газета",
    "anons": "В нашей школе работает проект «Школьный библиотечн",
    "full_text": "В нашей школе работает проект «Школьный библиотечно-информационный центр — центр создания насыщенной информационной среды в школе».\r\n\r\nПод сложным названием проекта скрываются интересные нововведения. Их главная цель — свободное время школьники должны проводить максимально интересно и полезно. А техническое оснащение школы — компьютерные и мультимедийные классы, проекторы, видеокамера, веб-камера, телевизоры, — позволяет это сделать. \r\n\r\nКроме всего остального наш центр —  это еще и кружок по журналистике. Ребята занимаются основами журналистики: постигают азы устной и письменной речи, актерского мастерства, проектной деятельности, аудио- и видеомонтажа, веб-технологий.\r\n\r\nЗанятия кружка, по ожиданиям, должны способствовать развитию у учащихся навыков самопрезентации, коммуникативности, работы в коллективе, творческого мышления.\r\n\r\nЦель курса: знакомство  учащихся с текстами разных стилей и жанров, с основами их создания и редактирования, а также с особенностями подготовки газет (макет, дизайн, афиша, содержание).\r\n\r\nОсновной целью обучения является освоение на практике основ журналистской работы и издательского дела. Подготовка материалов для школьной газеты совмещается с освоением современного программного обеспечения персонального компьютера для издательских целей.",
    "date": "2023-06-27T21:03:00Z",
    "genre": 1,
    "author": 3,
    "school_name": 1,
    "Hull": 1
  }
},
{
  "model": "news.articles",
  "pk": 20,
  "fields": {
    "title": "Победителями математического конкурса",
    "anons": "Учащиеся школы продемонстрировали свои знания",
    "full_text": "Учащиеся нашей школы продемонстрировали высокий уровень знаний и стали победителями международного математического конкурса. Результаты позволяют утверждать, что образовательная программа нашей школы эффективно развивает математические навыки учеников.",
    "date": "2023-06-28T13:02:20Z",
    "genre": 1,
    "author": 4,
    "school_name": 2,
    "Hull": 2
  }
},
{
  "model": "news.articles",
  "pk": 21,
  "fields": {
    "title": "Спортивные достижения футбольной команды!",
    "anons": "Футбольная команда вышла в финал турнира",
    "full_text": "Под руководством тренера команда нашей школы продемонстрировала выдающиеся спортивные достижения и смогла пройти в финал городского турнира по футболу. Ученики продемонстрировали отличную командную игру и высокий уровень подготовки",
    "date": "2023-06-28T13:03:35Z",
    "genre": 2,
    "author": 5,
    "school_name": 3,
    "Hull": 3
  }
},
{
  "model": "news.articles",
  "pk": 22,
  "fields": {
    "title": "Школьный хор впечатлил зрителей",
    "anons": "Хор нашей школы выступил на городском концерте",
    "full_text": "Хор нашей школы выступил на городском концерте и покорил сердца зрителей своим профессионализмом и талантом. Учащиеся показали великолепное исполнение различных музыкальных произведений и подняли настроение всем присутствующим",
    "date": "2023-06-28T13:11:16Z",
    "genre": 3,
    "author": 6,
    "school_name": 4,
    "Hull": 4
  }
},
{
  "model": "news.articles",
  "pk": 23,
  "fields": {
    "title": "Победитель конкурса робототехники",
    "anons": "Учащийся нашей школы занял первое место",
    "full_text": "Учащийся нашей школы занял первое место на региональном конкурсе робототехники. Его проект впечатлил жюри своей оригинальностью и инновационными решениями. Это подтверждает высокий уровень подготовки школьников в области науки и технологий.",
    "date": "2023-06-28T13:13:15Z",
    "genre": 4,
    "author": 7,
    "school_name": 5,
    "Hull": 5
  }
},
{
  "model": "news.articles",
  "pk": 24,
  "fields": {
    "title": "Благотворительное мероприятие в нашем городе",
    "anons": "Ученики провели благотворительный базар",
    "full_text": "Учащиеся нашей школы организовали благотворительный базар, на котором продавали свои изделия, а собранные средства будут направлены на помощь нуждающимся. Эта инициатива свидетельствует о высокой социальной активности школьников и их стремлении помогать окружающим",
    "date": "2023-06-28T13:14:21Z",
    "genre": 9,
    "author": 8,
    "school_name": 6,
    "Hull": 6
  }
},
{
  "model": "news.articles",
  "pk": 25,
  "fields": {
    "title": "Школьная команда заняла первое место в олимпиаде",
    "anons": "Команда учащихся выступила на городской олипиаде",
    "full_text": "Команда учащихся нашей школы выступила на городской олимпиаде по физкультуре и заняла первое место. Это яркий пример того, как здоровый образ жизни и активные физические занятия способствуют достижению высоких результатов",
    "date": "2023-06-28T13:16:41Z",
    "genre": 8,
    "author": 9,
    "school_name": 7,
    "Hull": 7
  }
},
{
  "model": "news.articles",
  "pk": 26,
  "fields": {
    "title": "Международный образовательный проект",
    "anons": "Учащиеся приняли участие в международном проекте",
    "full_text": "Учащиеся нашей школы приняли участие в международном образовательном проекте\"\r\nАнонс: Учащиеся нашей школы с удовольствием приняли участие в международном образовательном проекте, что помогло им расширить кругозор и улучшить навыки общения на иностранных языках. Это открывает новые возможности для наших школьников в будущем.",
    "date": "2023-06-28T13:17:29Z",
    "genre": 7,
    "author": 10,
    "school_name": 8,
    "Hull": 8
  }
},
{
  "model": "news.articles",
  "pk": 27,
  "fields": {
    "title": "Сертификат для школы",
    "anons": "Школа получила сертификат за учатие",
    "full_text": "Школа была награждена сертификатом за активное участие в местных мероприятиях и достижения в области образования. Родительский комитет выразил благодарность всем ученикам и педагогам, чьи усилия способствуют развитию школьного района.",
    "date": "2023-06-28T13:18:20Z",
    "genre": 5,
    "author": 11,
    "school_name": 9,
    "Hull": 9
  }
},
{
  "model": "news.articles",
  "pk": 28,
  "fields": {
    "title": "Новые образовательные программы",
    "anons": "В нашей школе будут новые программы",
    "full_text": "Школа была награждена сертификатом за активное участие в местных мероприятиях и достижения в области образования. Родительский комитет выразил благодарность всем ученикам и педагогам, чьи усилия способствуют развитию школьного района.  Test12312312",
    "date": "2023-06-28T13:22:29Z",
    "genre": 6,
    "author": 12,
    "school_name": 10,
    "Hull": 10
  }
},
{
  "model": "news.articles",
  "pk": 29,
  "fields": {
    "title": "аывфафыва",
    "anons": "ывафываыф",
    "full_text": "авфыафывафыа",
    "date": "2023-06-27T19:59:00Z",
    "genre": null,
    "author": null,
    "school_name": null,
    "Hull": null
  }
},
{
  "model": "news.genre",
  "pk": 1,
  "fields": {
    "name": "Учёба"
  }
},
{
  "model": "news.genre",
  "pk": 2,
  "fields": {
    "name": "Спорт"
  }
},
{
  "model": "news.genre",
  "pk": 3,
  "fields": {
    "name": "Культура"
  }
},
{
  "model": "news.genre",
  "pk": 4,
  "fields": {
    "name": "Наука и технологии"
  }
},
{
  "model": "news.genre",
  "pk": 5,
  "fields": {
    "name": "Новости района"
  }
},
{
  "model": "news.genre",
  "pk": 6,
  "fields": {
    "name": "Образование"
  }
},
{
  "model": "news.genre",
  "pk": 7,
  "fields": {
    "name": "Международное сотрудничество"
  }
},
{
  "model": "news.genre",
  "pk": 8,
  "fields": {
    "name": "Здоровье и спорт"
  }
},
{
  "model": "news.genre",
  "pk": 9,
  "fields": {
    "name": "Социальные проекты"
  }
},
{
  "model": "news.genre",
  "pk": 10,
  "fields": {
    "name": "Спорт"
  }
},
{
  "model": "news.genre",
  "pk": 11,
  "fields": {
    "name": "df"
  }
},
{
  "model": "news.genre",
  "pk": 12,
  "fields": {
    "name": "ff"
  }
},
{
  "model": "news.genre",
  "pk": 13,
  "fields": {
    "name": "1"
  }
},
{
  "model": "news.genre",
  "pk": 14,
  "fields": {
    "name": "ddd"
  }
},
{
  "model": "news.genre",
  "pk": 15,
  "fields": {
    "name": "d"
  }
},
{
  "model": "news.genre",
  "pk": 16,
  "fields": {
    "name": "ddfdd"
  }
},
{
  "model": "news.tag",
  "pk": 6,
  "fields": {
    "name": "Познавательно",
    "articles": [
      19
    ]
  }
},
{
  "model": "news.tag",
  "pk": 7,
  "fields": {
    "name": "образование",
    "articles": [
      20
    ]
  }
},
{
  "model": "news.tag",
  "pk": 8,
  "fields": {
    "name": "спортивныедостижения",
    "articles": [
      21
    ]
  }
},
{
  "model": "news.tag",
  "pk": 9,
  "fields": {
    "name": "культурнаяПобеда",
    "articles": [
      22
    ]
  }
},
{
  "model": "news.tag",
  "pk": 10,
  "fields": {
    "name": "будущиеТехнологии",
    "articles": [
      23
    ]
  }
},
{
  "model": "news.tag",
  "pk": 11,
  "fields": {
    "name": "Благотворительность",
    "articles": [
      24
    ]
  }
},
{
  "model": "news.tag",
  "pk": 12,
  "fields": {
    "name": "Олимпиады",
    "articles": [
      25
    ]
  }
},
{
  "model": "news.tag",
  "pk": 13,
  "fields": {
    "name": "сотрудничество",
    "articles": [
      26
    ]
  }
},
{
  "model": "news.tag",
  "pk": 14,
  "fields": {
    "name": "награды",
    "articles": [
      27
    ]
  }
},
{
  "model": "news.tag",
  "pk": 15,
  "fields": {
    "name": "новое",
    "articles": [
      28
    ]
  }
},
{
  "model": "news.author",
  "pk": 3,
  "fields": {
    "first_name": "Ольга",
    "last_name": "Олеговна"
  }
},
{
  "model": "news.author",
  "pk": 4,
  "fields": {
    "first_name": "Григорий",
    "last_name": "Потёмкин"
  }
},
{
  "model": "news.author",
  "pk": 5,
  "fields": {
    "first_name": "Иван",
    "last_name": "Петров"
  }
},
{
  "model": "news.author",
  "pk": 6,
  "fields": {
    "first_name": "Николай",
    "last_name": "Романов"
  }
},
{
  "model": "news.author",
  "pk": 7,
  "fields": {
    "first_name": "Игорь",
    "last_name": "Захаров"
  }
},
{
  "model": "news.author",
  "pk": 8,
  "fields": {
    "first_name": "Евгений",
    "last_name": "Одинцов"
  }
},
{
  "model": "news.author",
  "pk": 9,
  "fields": {
    "first_name": "Елена",
    "last_name": "Иванова"
  }
},
{
  "model": "news.author",
  "pk": 10,
  "fields": {
    "first_name": "Анна",
    "last_name": "Соколова"
  }
},
{
  "model": "news.author",
  "pk": 11,
  "fields": {
    "first_name": "София",
    "last_name": "Смирнова"
  }
},
{
  "model": "news.author",
  "pk": 12,
  "fields": {
    "first_name": "Михаил",
    "last_name": "Кузнецов"
  }
},
{
  "model": "news.school",
  "pk": 1,
  "fields": {
    "school_name": "Школа №1 \"Человек разумный\""
  }
},
{
  "model": "news.school",
  "pk": 2,
  "fields": {
    "school_name": "Школа №2 \"Звездный Маяк\""
  }
},
{
  "model": "news.school",
  "pk": 3,
  "fields": {
    "school_name": "Школа №3 \"Цветущее Дерево\""
  }
},
{
  "model": "news.school",
  "pk": 4,
  "fields": {
    "school_name": "Школа №4 \"Кристальная Гавань\""
  }
},
{
  "model": "news.school",
  "pk": 5,
  "fields": {
    "school_name": "Школа №5 \"Радужный Ветер\""
  }
},
{
  "model": "news.school",
  "pk": 6,
  "fields": {
    "school_name": "Школа №6 \"Дружный Орел\""
  }
},
{
  "model": "news.school",
  "pk": 7,
  "fields": {
    "school_name": "Школа №7 \"Золотой Лотос\""
  }
},
{
  "model": "news.school",
  "pk": 8,
  "fields": {
    "school_name": "Школа №8 \"Живописные Взгляды\""
  }
},
{
  "model": "news.school",
  "pk": 9,
  "fields": {
    "school_name": "Школа №9 \"Улыбка Солнца\","
  }
},
{
  "model": "news.school",
  "pk": 10,
  "fields": {
    "school_name": "Школа №10 \"Солнечная Эдем\""
  }
},
{
  "model": "news.hull",
  "pk": 1,
  "fields": {
    "Hull_name": "Зиларт"
  }
},
{
  "model": "news.hull",
  "pk": 2,
  "fields": {
    "Hull_name": "Арктика"
  }
},
{
  "model": "news.hull",
  "pk": 3,
  "fields": {
    "Hull_name": "Экватор"
  }
},
{
  "model": "news.hull",
  "pk": 4,
  "fields": {
    "Hull_name": "Водопад"
  }
},
{
  "model": "news.hull",
  "pk": 5,
  "fields": {
    "Hull_name": "Морской Бриз"
  }
},
{
  "model": "news.hull",
  "pk": 6,
  "fields": {
    "Hull_name": "Горный Хребет"
  }
},
{
  "model": "news.hull",
  "pk": 7,
  "fields": {
    "Hull_name": "Лесная Поляна"
  }
},
{
  "model": "news.hull",
  "pk": 8,
  "fields": {
    "Hull_name": "Песчаный берег"
  }
},
{
  "model": "news.hull",
  "pk": 9,
  "fields": {
    "Hull_name": "Речная Долина"
  }
},
{
  "model": "news.hull",
  "pk": 10,
  "fields": {
    "Hull_name": "Сказачный замок"
  }
}
]
